upper_name,correct
0,REMOVE
3,REMOVE
2018-2019,REMOVE
Ï»¿COMPANY,COMPANY
Ï»¿EMAIL,EMAIL
Ï»¿INDUSTRY,REMOVE
Ï»¿PHONE,PHONE
AD SIZE,REMOVE
ADDR1,REMOVE
ADDRESS2,REMOVE
ADVANCE OFFER AMT,REMOVE
ADVANCE OFFER RATE,REMOVE
ADVANCE OFFER TERM,REMOVE
AGENT NAME,REMOVE
ALT PHONE,REMOVE
ALTERNATE,REMOVE
ALTPHONE,REMOVE
AMOUNT FUNDED,REMOVE
AMOUNT NEEDED,REMOVE
AMOUNT NEEDED:,REMOVE
AMOUNT REQUESTED,REMOVE
ANNUAL BUSINESS REVENUE,REMOVE
AMOUNT,LOAN AMOUNT
ANNUAL REV,REMOVE
ANNUAL REV.,REMOVE
ANNUAL REVENUE RANGE,REMOVE
ANY CURRENT OUTSTANDING?,REMOVE
AREA CODE,REMOVE
ASSIGNIND,REMOVE
BALANCE,REMOVE
BANKRUPTCY,REMOVE
BANKRUPTCY IN LAST 2 YEARS?,REMOVE
BEST TIME TO CALLBACK,REMOVE
BIRTH DATE,REMOVE
BIRTHDATE,REMOVE
BIZ ADDRESS,REMOVE
BIZ CITY,REMOVE
BIZ NAME,COMPANY
BIZ OWNER,FULL_NAME
BIZ REVENUE,REMOVE
BIZ STATE,STATE/PROVENCE
BIZ ZIP,REMOVE
BIZNUMBER,PHONE
BRAND CODES,REMOVE
BUS NAME,REMOVE
BUSINESS,COMPANY
BUSINESS ADDRESS,REMOVE
BUSINESS AGE,REMOVE
BUSINESS AT HOME,REMOVE
BUSINESS CITY,REMOVE
BUSINESS CONTACT,FULL_NAME
BUSINESS EMAIL,EMAIL
BUSINESS ID NUMBER,REMOVE
BUSINESS LOCATION,REMOVE
BUSINESS NAME,COMPANY
BUSINESS NAME:,COMPANY
BUSINESS PHONE,PHONE
BUSINESS START DATE,REMOVE
BUSINESS STATE,STATE/PROVENCE
BUSINESS TYPE,REMOVE
BUSINESS YEAR,REMOVE
BUSINESS ZIP,REMOVE
BUSINESSNAME,COMPANY
BUSINESSPHONE,PHONE
CAPITAL REQUIRED,REMOVE
CBSA CODE,REMOVE
CBSA NAME,REMOVE
CELL,PHONE
CELL NUMBER,PHONE
CELL PHONE,PHONE
CELL PHONE 1,PHONE
CELL PHONE 2,REMOVE
CELL PHONE:,PHONE
CELLNUMBER,PHONE
CELLPHONE,PHONE
CEOFIRST,FIRST_NAME
CEOLAST,LAST NAME
CEOMID,REMOVE
CEOMRC,REMOVE
CEONAME,FULL_NAME
CEOPREFIX,REMOVE
CEOSUFFIX,REMOVE
CEOTITLE,REMOVE
CHAIN CODES,REMOVE
COLLATERCD,REMOVE
COLLATTYPE,REMOVE
COLLPOSQL,REMOVE
COLLPREQL,REMOVE
COMMENTS,REMOVE
COMPANY,COMPANY
COMPANY NAME,COMPANY
COMPANY_NAME,COMPANY
CONTACT,FULL_NAME
CONTACT NAME,FULL_NAME
CONTACT TITLE CODE,REMOVE
CONTACT/ OWNER,FULL_NAME
CONTACT_NAME,FULL_NAME
CONTACT_TITLE_CODE,REMOVE
COST OF CAP,REMOVE
COUNTY,REMOVE
COUNTYNM,REMOVE
CREDIT,REMOVE
CREDIT SCORE,REMOVE
CREDITSCORE,REMOVE
CRRT,REMOVE
CURRENT LOAN OUT,REMOVE
DATE,UCC DATE
DATE OF APPLICATION,UCC DATE
DATEBUSINESSSTARTED,REMOVE
DATEENT,REMOVE
DATEOFBIRTH,REMOVE
DBA,REMOVE
DEBTORADDR,REMOVE
DEBTORCITY,REMOVE
DEBTORDUN,REMOVE
DEBTORNM,REMOVE
DEBTORSEQ,REMOVE
DEBTORST,REMOVE
DEBTORZIP,REMOVE
DELIVERY POINT BARCODE,REMOVE
DELIVERY_POINT_BARCODE,REMOVE
DELPT,REMOVE
DEPOSIT,REMOVE
DMI,REMOVE
DNBCITY,REMOVE
DNBCOUNTY,REMOVE
DNBSMSA,REMOVE
DNBSTATE,REMOVE
DOMAIN,REMOVE
DUNSNUMB,REMOVE
EIN,REMOVE
EIN/FEDID,REMOVE
EMAIL,EMAIL
EMAIL ADDRESS,EMAIL
E-MAIL ADDRESS,EMAIL
EMAIL STATUS,REMOVE
EMAIL STATUS.1,REMOVE
EMAIL:,EMAIL
EMAIL_ADDRESS,EMAIL
EMAILS,EMAIL
EMPHERCD,REMOVE
EMPHERE,REMOVE
ANNUAL GROSS,ANNUAL GROSS
EMPTOTAL,REMOVE
EMPTOTCD,REMOVE
ENTITYNUM,REMOVE
EVENT,REMOVE
EXISTING ADVANCE,REMOVE
EXPDATE,REMOVE
FACTOR,REMOVE
FAX,REMOVE
FAX NUMO,REMOVE
FAX_NUMO,REMOVE
FEDERALTAXID,REMOVE
FILE DATE,UCC DATE
FILEDATE,FILEDATE
FILENUMB,REMOVE
FILING DAY,FILING DAY
FILING MONTH,FILING MONTH
FILING MONTHAND DATE,UCC DATE
FILING YEAR,FILING YEAR
FILING_DAY,FILING DAY
FILING_MONTH,FILING MONTH
FILING_YEAR,FILING YEAR
FILINGTYP,REMOVE
FILLER,REMOVE
FILLER2,REMOVE
FILLER3,REMOVE
FILLER4,REMOVE
FIPS CODE,REMOVE
FIPSCNTY,REMOVE
FIPSST,REMOVE
FIRST,FIRST_NAME
FIRST_NAME,FIRST_NAME
FIRST_NAME,FIRST_NAME
FIRSTNAME,FIRST_NAME
FISRT NAME,FIRST_NAME
FNL CARRT,REMOVE
FNL DPBC,REMOVE
FNL_CARRT,REMOVE
FNL_DPBC,REMOVE
FORTUNE 1000 RANK,REMOVE
FRANCHISE CODES,REMOVE
FREE,REMOVE
FULL NAME,FULL_NAME
FUNDED,REMOVE
ANNUAL REVENUE,ANNUAL GROSS
FUNDED AMT.,REMOVE
FUNDED STATE,REMOVE
FUNDING COMPANY,REMOVE
FUNDING IS NEEDED IN:,REMOVE
FUNDING LENDER,REMOVE
GENDER,REMOVE
GROSS MONTHLY REVENUE,REMOVE
GROSS SALES,REMOVE
HAVE_BUSINESS_CREDIT_CARD,REMOVE
HAVE_CREDIT_LOAN,REMOVE
HOME ADDRESS,REMOVE
HOW MANY BUSINESS ADVANCES/LOANS,REMOVE
ID,REMOVE
IN BUSINESS,REMOVE
INDUSTRY,REMOVE
KEYCODE,REMOVE
LANDLINE,REMOVE
LAST,LAST NAME
LAST NAME,LAST NAME
LAST_NAME,LAST NAME
LASTNAME,LAST NAME
LATITUDE,REMOVE
LEAD ID,REMOVE
LEAD SOURCE,SOURCE
LEAD STATUS,REMOVE
LEGAL NAME,COMPANY
LINE STATUS,REMOVE
LINE TYPE,REMOVE
LINE_TYPE,REMOVE
LINEOFBUS,REMOVE
LINETYPE,REMOVE
BUSINESS NAMES,COMPANY
LOAN PURPOSE,REMOVE
LOAN USE,REMOVE
LOCAL ANNUAL SALES,REMOVE
LOCATION TYPE,REMOVE
LONGITUDE,REMOVE
LOOKING AMOUNT (USD),REMOVE
LOOKING FOR,REMOVE
LOOKING MONEY,REMOVE
MAIL CITY NAME,REMOVE
MAIL CRCODE,REMOVE
MAIL STATE ABBREV,STATE/PROVENCE
MAIL ZIP MEREGE,REMOVE
MAIL ZIP MERGE,REMOVE
MAIL_CRCODE,REMOVE
MAILADDR,REMOVE
MAILCITY,REMOVE
MAILING ADDRESS,REMOVE
MAILSTATE,STATE/PROVENCE
MAILZIP,REMOVE
MAILZIP4,REMOVE
MANUFIND,REMOVE
MATCH FLAG,REMOVE
MERCHANT ADDRESS,REMOVE
MERCHANT NAME,REMOVE
MERCHANT PHONE,PHONE
MERCHANT PHONE2,REMOVE
MERCHANTS NAME:,REMOVE
MOBILE,PHONE
MONTHLY,REMOVE
MONTHLY DEPOSITS,REMOVE
MONTHLY GROSS SALES,REMOVE
MONTHLY GROSS:,REMOVE
BUSINESS NUMBER 2,PHONE
MONTHLY SALES,REMOVE
MONTHLY_INCOME_RANGE,REMOVE
MONTLY GROSS REVENUE,REMOVE
NAICS CODE,REMOVE
NAICS DESCRIPTION,REMOVE
NAME,FULL_NAME
NATLCODES,REMOVE
NETWORK,REMOVE
NETWORKNAME,REMOVE
NSF,REMOVE
NUM_LOANS,REMOVE
NUMBER OF LOCAL EMPLOYEES,REMOVE
NUMBER1,REMOVE
NUMBER2,REMOVE
OFFICEDUN,REMOVE
ORIGINAL NETWORK,REMOVE
OWNER,FULL_NAME
OWNER ADDRESS 1,REMOVE
OWNER CELL 1,PHONE
OWNER CITY 1,REMOVE
OWNER EMAIL 1,EMAIL
OWNER NAME,FULL_NAME
OWNER NAME 1,FULL_NAME
OWNER PHONE 1,PHONE
OWNER STATE 1,STATE/PROVENCE
OWNER ZIP 1,REMOVE
OWNERFULLNAME,FULL_NAME
OWNERNAME,FULL_NAME
OWNERS NAME,FULL_NAME
PERSONAL CREDIT SCORE,REMOVE
PHONE,PHONE
PHONE 1,PHONE
PHONE 2,REMOVE
PHONE 2/LINE TYPE,REMOVE
PHONE NUMBER,PHONE
PHONE NUMBER2,REMOVE
PHONE NUMBER3,REMOVE
PHONE NUMBERS,PHONE
PHONE NUMBERS.1,REMOVE
PHONE STATUS,REMOVE
PHONE TYPE,REMOVE
PHONE_NUMBER,PHONE
PHONE_STATUS,REMOVE
PHONE1,PHONE
PHONE2,REMOVE
PHONENUMBER,PHONE
POPCODE,REMOVE
POSITION,REMOVE
PRIMARY SIC CODE,REMOVE
PRIMARY SIC DESC,REMOVE
PRIMARY_SIC_CODE,REMOVE
PRIMARY_SIC_DESC,REMOVE
PRISIC,REMOVE
PRSTGRP,REMOVE
PURCHASE PRICE,REMOVE
PURPOSE OF FUNDING,REMOVE
PURPOSE OF FUNDS,REMOVE
RATE,REMOVE
REASON,REMOVE
RESON FOR DEC,REMOVE
RESULT,REMOVE
BUSINESSMONTHLYREVENUE,MONTHLY REVENUE
REVENUE PER MONTH,REMOVE
REVENUE SALES,REMOVE
ROLE,REMOVE
ROLE TITLE,REMOVE
EMPLOYEE SIZE,EMPLOYEE_SIZE
SALESCODE,REMOVE
SALESVOL,REMOVE
SEC PARTYNAME,FILING
SEC_PARTYNAME,FILING
SECNAME,REMOVE
SECONDARY ADDRESS,REMOVE
SECONDARY CITY,REMOVE
SECONDARY SIC 1,REMOVE
SECONDARY SIC 2,REMOVE
SECONDARY SIC 3,REMOVE
SECONDARY SIC 4,REMOVE
SECONDARY STATE,REMOVE
SECONDARY ZIP,REMOVE
SECONDARY ZIP4,REMOVE
SECPTYADDR,REMOVE
SECPTYCITY,REMOVE
SECPTYDUN,REMOVE
SECPTYNAME,REMOVE
SECPTYSEQ,REMOVE
SECPTYST,REMOVE
SECPTYZIP,REMOVE
SECURED PARTY NAME,REMOVE
SIC CODE,REMOVE
SIC CODES,REMOVE
SIC DESCRIPTION,REMOVE
SIC2,REMOVE
SIC3,REMOVE
SIC4,REMOVE
SIC5,REMOVE
SIC6,REMOVE
SOURCE,SOURCE
SPECIALTY CODES,REMOVE
SSN,REMOVE
ST,REMOVE
START DATE,REMOVE
STATE,STATE/PROVENCE
STATE/PROVENCE,STATE/PROVENCE
STATE/PROVINCE,STATE/PROVENCE
STATEFILED,REMOVE
STATUS,REMOVE
STATUS CODE,REMOVE
STATUSIND,REMOVE
SUBMISSION STATUS,REMOVE
SUBSIDIARY PARENT ID,REMOVE
SUBSIDIARY PARENT NAME,REMOVE
SUFFIX NAME,REMOVE
TALK TIME,REMOVE
TAX ID,REMOVE
TAX LIENS,REMOVE
TERM,REMOVE
TERM LENGTH,REMOVE
TIB,REMOVE
TIM FUNDING,REMOVE
TIME IN A BUSINESS:,REMOVE
TIME IN BUSINESS,REMOVE
TIME OF FUNDING,REMOVE
TIME_IN_BUSINESS,REMOVE
TIMEZONE,REMOVE
TITLE,REMOVE
TOTAL ANNUAL SALES,REMOVE
TOTAL NUMBER OF EMPLOYEES,REMOVE
TRANSFER TYPE,REMOVE
TRANSFER:,REMOVE
TRS,REMOVE
TYPE,TYPE
TYPE OF BUSINESS,REMOVE
UCC DATE,UCC DATE
UCCTYPE,REMOVE
ULTIMATE PARENT ID,REMOVE
ULTIMATE PARENT NAME,REMOVE
ULTIMATE SITE NUMBER,REMOVE
UNNAMED: 0,REMOVE
UNNAMED: 10,REMOVE
UNNAMED: 11,REMOVE
UNNAMED: 12,REMOVE
UNNAMED: 13,REMOVE
UNNAMED: 14,REMOVE
UNNAMED: 15,REMOVE
UNNAMED: 16,REMOVE
UNNAMED: 17,REMOVE
UNNAMED: 2,REMOVE
UNNAMED: 21,REMOVE
UNNAMED: 22,REMOVE
UNNAMED: 3,REMOVE
UNNAMED: 4,REMOVE
UNNAMED: 5,REMOVE
UNNAMED: 6,REMOVE
UNNAMED: 7,REMOVE
UNNAMED: 8,REMOVE
USE OF FUNDS,REMOVE
USE OF FUNDS:,REMOVE
XREFDATE,REMOVE
XREFNUM,REMOVE
YEAR,FILING YEAR
YEAR IN BUSINESS,REMOVE
YEAR OF 1ST APPEARANCE,REMOVE
YEARS IN BUSINESS,REMOVE
ZIP CODE,REMOVE
ZIP+4,REMOVE
ZIP4,REMOVE
EMAIL 2,REMOVE
COMPANY DBA NAME,REMOVE
LOAN RANGE,REMOVE
UCC_DATE,UCC DATE
UNNAMED: 9,REMOVE
LAST MONTH'S DEPOSIT,REMOVE
PHONE NUMBER 1,PHONE
PHONE NUMBER 2,REMOVE
2019,FILING YEAR
BUSINES NAME,COMPANY
"BUSINESS NAME 
",COMPANY
CELLPHONE NUMBER,PHONE
NUMBER,PHONE
OWNER  NAME,FULL_NAME
PRO LEADS,REMOVE
FULL,FULL_NAME
SORTNAMECOLUMN ACTIONS,FULL_NAME
FIRSAT,FIRST_NAME
FIRSTQ,FIRST_NAME
FRIST,FIRST_NAME
SORTNAMECOLUMN,FIRST_NAME
RECOMMENDED EMAIL,EMAIL
COMOPANY,COMPANY
COMPANY / ACCOUNT,COMPANY
COMPANY MATCH,COMPANY
COMPNAY,COMPANY
EMPLOYER,COMPANY
SORTCOMPANYCOLUMN ACTIONS,COMPANY
CLEAROUTPHONE LOCAL FORMAT,PHONE
ADDRESS 1 - STATE,STATE/PROVENCE
EMAIL 1,EMAIL
RECOMMENDED WORK EMAIL,EMAIL
BOX NAME,COMPANY
COMPOANY,COMPANY
EMAIL ADDRESSES,EMAIL
ADDRESS.1,REMOVE
ADDRESS.2,REMOVE
ADDRESS.3,REMOVE
ADDRESS.4,REMOVE
ADDRESS.5,REMOVE
AMOUNTOWEDTOCURRENTLENDERS,REMOVE
CASHADVANCELENDERONE,REMOVE
REASON FOR DECLINE,REMOVE
EMAIL_STATUS,REMOVE
BUSINESS NUMBER 1,PHONE
EMPLOYEE_SIZE,EMPLOYEE_SIZE
CELL_PHONE,PHONE
CLEAROUTPHONE LINE TYPE,REMOVE
CLEAROUTPHONE VALIDATION STATUS,REMOVE
CREDIT_SCORE_EST,REMOVE
EMPLOYEES,EMPLOYEE_SIZE
IP,REMOVE
LOAN_REQUEST,REMOVE
OPT_IN,REMOVE
OPT_IN_2,REMOVE
SOURCE_URL,REMOVE
UNNAMED: 23,REMOVE
YEARS_IN_BUSINESS,REMOVE
BUSINESS NUMBER 2,REMOVE
ESTIMATED ANNUAL REVENUE,ANNUAL GROSS
PHONE2/LINE TYPE,REMOVE
REVENUE LAST MONTH,REMOVE
UNNAMED: 24,REMOVE
UNNAMED: 25,REMOVE
UNNAMED: 26,REMOVE
UNNAMED: 27,REMOVE
UNNAMED: 28,REMOVE
UNNAMED: 29,REMOVE
UNNAMED: 30,REMOVE
UNNAMED: 31,REMOVE
UNNAMED: 32,REMOVE
UNNAMED: 33,REMOVE
UNNAMED: 34,REMOVE
UNNAMED: 35,REMOVE
UNNAMED: 36,REMOVE
UNNAMED: 37,REMOVE
UNNAMED: 38,REMOVE
UNNAMED: 39,REMOVE
UNNAMED: 40,REMOVE
UNNAMED: 41,REMOVE
UNNAMED: 42,REMOVE
ADDRESS,ADDRESS
ADDRESS STREET,ADDRESS
ADDRESS1,ADDRESS
CITY,CITY
MAIL_CITY_NAME,CITY
MAIL_STATE_ABBREV,STATE/PROVENCE
MAIL_ZIP_MERGE,ZIP
MAILING_ADDRESS,ADDRESS
ZIP,ZIP
BLAH BLAH,REMOVE
REMOVE,REMOVE
HOME PHONE,REMOVE
OFFICE PHONE,REMOVE
CORPORATE OFFICER/OWNER NAME:,REMOVE
AUTO TRANSPORT LLC,COMPANY
5/5/1980,UCC DATE
63146,REMOVE
SAINT LOUIS,STATE/PROVENCE
LENDER,REMOVE
10352 FOREST BROOK LN APT F,ADDRESS
$,REMOVE
82-2545258,REMOVE
AKBAR ASADULLAH MOHIBONU,FULL_NAME
SAMIH.FAMARA@YAHOO.COM,EMAIL
MIKE'S QUICK STOP,COMPANY
DATE_POST,UCC DATE
SAMIH SAMARA,FULL_NAME
DATE APPROVED,REMOVE
SIC,REMOVE
PHONE 3,REMOVE
ZIP CODE,ZIP
ADEPT FACILITIES & DESIGN INC,COMPANY
(267) 258-8825,PHONE
CATEGORY,REMOVE
ADDRESS 1 - CITY,CITY
"$46,862.96",REMOVE
488-25-6844,REMOVE
TRANSPORTATION,REMOVE
ADDRESS 1 - ZIP,ZIP
10/1/2017,UCC DATE
MONTHLY REVENUE,REMOVE
USD 80000.00,REMOVE
ADDRESS 1 - STREET,ADDRESS
MO,REMOVE
6627269213,PHONE
JANICE,FIRST_NAME
ROSADO,LAST NAME
RECOMMENDED PERSONAL EMAIL,EMAIL
D & I HAIR STYLE LLC,COMPANY
FILING,FILING
HOW MANY POSITIONS DO YOU HAVE?,REMOVE
PURCHASE,PURCHASE
FUNDED AMOUNT,LOAN AMOUNT
˙OWNERFULLNAME,FULL_NAME
LINE TYPE 2,PHONE
LOAN AMOUNT,LOAN AMOUNT
MONTHLY BANK DEPOSIT (USD),MONTHLY REVENUE
MONTHLY DEPOSIT(SHOULD BE OVER 20K),MONTHLY REVENUE
MONTHLY REV,MONTHLY REVENUE
MONTHLY REVENUE,MONTHLY REVENUE
MONTHLYREVENUE,MONTHLY REVENUE
REVENUE,ANNUAL GROSS
SALES,SALES_VOLUME
SALES VOLUME,SALES_VOLUME
SALES_VOLUME,SALES_VOLUME
FEDERAL ID,REMOVE
SECURED PARTY,REMOVE
LOOKING AMOUNT,REMOVE
CREDIT SCORE/ FICO SCORE,REMOVE
INDUSTRY TYPE,REMOVE
TPYE,TYPE
DATE BUSINESS STARTED,REMOVE
MOBILE PHONE,PHONE
ADDRESS LINE 1,REMOVE
PURPOSE,REMOVE
OWNER 1,REMOVE
APPLICATION SIGN DATE,UCC DATE
SSI,REMOVE
"﻿""MOBILE PHONE""",PHONE
FILLED,REMOVE
MERCHANT EMAIL,EMAIL
LINE TYPE 1,REMOVE
D.O.B.,REMOVE
MOBILE PHONE NUMBER,PHONE
PHONE3,REMOVE
CONTACT NUMBER,PHONE
HOW SOON THEY NEED FUNDING,REMOVE
TRANSACTION TYPE,TYPE
BANKRUPTCIES,REMOVE
PHONETYPE,REMOVE
OUTSTANDING LOANS,REMOVE
BIZ START DATE,REMOVE
PURCAHSE DATE,PURCHASE
PURCHASE DATE,PURCHASE
CLEAROUT VERIFICATION STATUS,REMOVE
FICO SCORE,REMOVE
PHONE_TYPE,REMOVE
CEOPREFIX_,REMOVE
DISPOSITION,REMOVE
REVENUE.1,REMOVE
D,REMOVE
ALT PHONE 1,REMOVE
ALT PHONE 2,REMOVE
E,REMOVE
POSITIONS,REMOVE
EST. REVENUE,REMOVE
DOB,REMOVE
MONTHLY VOLUME,REMOVE
PURCHASED,PURCHASE
PHONE (2),REMOVE
HOW SOON MERCHANT CAN USE THE CAPITAL?,REMOVE
NATDNC,REMOVE
DBA APPLICABLE?,REMOVE
LOAN 1 AMOUNT,REMOVE
PURPOSE OF THE CAPITAL,REMOVE
EMAIL APPLICABLE?,REMOVE
POS 5,REMOVE
POS 3,REMOVE
DESIRED,REMOVE
ISCELL,REMOVE
2020 INCOME,REMOVE
LOAN 5 AMOUNT,REMOVE
DNC,REMOVE
POS 7,REMOVE
2021 INCOME,REMOVE
INFOUSA CONTACT NAME,REMOVE
D.O.B,REMOVE
HOW MUCH IS HE LOOKING FOR?,REMOVE
NXX,REMOVE
IUSA COUNTY DESC,REMOVE
ŸOWNERFULLNAME,REMOVE
LOAN 2 AMOUNT,REMOVE
POS 4,REMOVE
DEPOSIT MONTHLY,REMOVE
2022 INCOME,REMOVE
NUMBERTYPE,REMOVE
MONTHLY INCOME,REMOVE
LOAN 3 AMOUNT,REMOVE
DO YOU HAVE ANY LOANS RIGHT NOW?,REMOVE
LOAN 4 AMOUNT,REMOVE
REVENUE MONTHLY,REMOVE
TRUCKING,REMOVE
BANKRUPTCIES/ JUDGEMENTS,REMOVE
APT,REMOVE
TIME IN BIZ,REMOVE
EQUIPMENT,REMOVE
POS 6,REMOVE
POS 2,REMOVE
ALTERNATIVE NUMBER,REMOVE
CONTACT TITLE CODE DESCRIPTION,REMOVE
HIS MONTHLY GROSS REVENUE?,REMOVE
POSITION 1,REMOVE
